Workbook

Sheet ポイント履歴
A1: 日付 | B1: お客様名 | C1: ポイント | D1: 係 | E1: メモ | F1: 累計ポイント
F2: =IF(OR(B2="",C2=""),"",SUMIF($B$2:B2,B2,$C$2:C2))
F3: =IF(OR(B3="",C3=""),"",SUMIF($B$2:B3,B3,$C$2:C3))
F4: =IF(OR(B4="",C4=""),"",SUMIF($B$2:B4,B4,$C$2:C4))
F5: =IF(OR(B5="",C5=""),"",SUMIF($B$2:B5,B5,$C$2:C5))
F6: =IF(OR(B6="",C6=""),"",SUMIF($B$2:B6,B6,$C$2:C6))
F7: =IF(OR(B7="",C7=""),"",SUMIF($B$2:B7,B7,$C$2:C7))
F8: =IF(OR(B8="",C8=""),"",SUMIF($B$2:B8,B8,$C$2:C8))
F9: =IF(OR(B9="",C9=""),"",SUMIF($B$2:B9,B9,$C$2:C9))
F10: =IF(OR(B10="",C10=""),"",SUMIF($B$2:B10,B10,$C$2:C10))
F11: =IF(OR(B11="",C11=""),"",SUMIF($B$2:B11,B11,$C$2:C11))
F12: =IF(OR(B12="",C12=""),"",SUMIF($B$2:B12,B12,$C$2:C12))
F13: =IF(OR(B13="",C13=""),"",SUMIF($B$2:B13,B13,$C$2:C13))
... F201: =IF(OR(B201="",C201=""),"",SUMIF($B$2:B201,B201,$C$2:C201))

Sheet お客様別累計
A1: お客様名 | B1: 累計ポイント | C1: 付与回数 | E1: 使い方
A2: 南郷 孝 | B2: =IF(A2="","",SUMIF('ポイント履歴'!$B$2:$B$201,A2,'ポイント履歴'!$C$2:$C$201)) | C2: =IF(A2="","",COUNTIF('ポイント履歴'!$B$2:$B$201,A2)) | E2: ①「ポイント履歴」に日付・お客様名・ポイント（1か2）を入力
B3: =IF(A3="","",SUMIF('ポイント履歴'!$B$2:$B$201,A3,'ポイント履歴'!$C$2:$C$201)) | C3: =IF(A3="","",COUNTIF('ポイント履歴'!$B$2:$B$201,A3)) | E3: ②右端の「累計ポイント」にそのお客様の合計が自動表示
B4: =IF(A4="","",SUMIF('ポイント履歴'!$B$2:$B$201,A4,'ポイント履歴'!$C$2:$C$201)) | C4: =IF(A4="","",COUNTIF('ポイント履歴'!$B$2:$B$201,A4)) | E4: ③このシートのA列にお客様名を入れると累計と回数を表示
B5: =IF(A5="","",SUMIF('ポイント履歴'!$B$2:$B$201,A5,'ポイント履歴'!$C$2:$C$201)) | C5: =IF(A5="","",COUNTIF('ポイント履歴'!$B$2:$B$201,A5)) | E5: ※お客様名は毎回同じ表記で入力してください（スペースも含む）
B6: =IF(A6="","",SUMIF('ポイント履歴'!$B$2:$B$201,A6,'ポイント履歴'!$C$2:$C$201)) | C6: =IF(A6="","",COUNTIF('ポイント履歴'!$B$2:$B$201,A6))
B7: =IF(A7="","",SUMIF('ポイント履歴'!$B$2:$B$201,A7,'ポイント履歴'!$C$2:$C$201)) | C7: =IF(A7="","",COUNTIF('ポイント履歴'!$B$2:$B$201,A7))
B8: =IF(A8="","",SUMIF('ポイント履歴'!$B$2:$B$201,A8,'ポイント履歴'!$C$2:$C$201)) | C8: =IF(A8="","",COUNTIF('ポイント履歴'!$B$2:$B$201,A8))
B9: =IF(A9="","",SUMIF('ポイント履歴'!$B$2:$B$201,A9,'ポイント履歴'!$C$2:$C$201)) | C9: =IF(A9="","",COUNTIF('ポイント履歴'!$B$2:$B$201,A9))
B10: =IF(A10="","",SUMIF('ポイント履歴'!$B$2:$B$201,A10,'ポイント履歴'!$C$2:$C$201)) | C10: =IF(A10="","",COUNTIF('ポイント履歴'!$B$2:$B$201,A10))
B11: =IF(A11="","",SUMIF('ポイント履歴'!$B$2:$B$201,A11,'ポイント履歴'!$C$2:$C$201)) | C11: =IF(A11="","",COUNTIF('ポイント履歴'!$B$2:$B$201,A11))
B12: =IF(A12="","",SUMIF('ポイント履歴'!$B$2:$B$201,A12,'ポイント履歴'!$C$2:$C$201)) | C12: =IF(A12="","",COUNTIF('ポイント履歴'!$B$2:$B$201,A12))
B13: =IF(A13="","",SUMIF('ポイント履歴'!$B$2:$B$201,A13,'ポイント履歴'!$C$2:$C$201)) | C13: =IF(A13="","",COUNTIF('ポイント履歴'!$B$2:$B$201,A13))
B14: =IF(A14="","",SUMIF('ポイント履歴'!$B$2:$B$201,A14,'ポイント履歴'!$C$2:$C$201)) | C14: =IF(A14="","",COUNTIF('ポイント履歴'!$B$2:$B$201,A14))
B15: =IF(A15="","",SUMIF('ポイント履歴'!$B$2:$B$201,A15,'ポイント履歴'!$C$2:$C$201)) | C15: =IF(A15="","",COUNTIF('ポイント履歴'!$B$2:$B$201,A15))
B16: =IF(A16="","",SUMIF('ポイント履歴'!$B$2:$B$201,A16,'ポイント履歴'!$C$2:$C$201)) | C16: =IF(A16="","",COUNTIF('ポイント履歴'!$B$2:$B$201,A16))
B17: =IF(A17="","",SUMIF('ポイント履歴'!$B$2:$B$201,A17,'ポイント履歴'!$C$2:$C$201)) | C17: =IF(A17="","",COUNTIF('ポイント履歴'!$B$2:$B$201,A17))
... B101: =IF(A101="","",SUMIF('ポイント履歴'!$B$2:$B$201,A101,'ポイント履歴'!$C$2:$C$201)) | C101: =IF(A101="","",COUNTIF('ポイント履歴'!$B$2:$B$201,A101))
